{"cameraMode":{"drawMode":0,"name":"Shaded","section":"Shading Mode"},"sceneLighting":true,"audioPlay":false,"sceneViewState":{"showFog":true,"showMaterialUpdate":false,"showSkybox":true,"showFlares":true,"showImageEffects":true,"showParticleSystems":true},"in2DMode":false,"pivot":{"x":-6.941012382507324,"y":4.985302925109863,"z":-9.361634254455567},"rotation":{"x":0.04144987091422081,"y":0.9284453988075256,"z":-0.35265323519706728,"w":0.10912716388702393},"size":5.746555328369141,"orthographic":false}