{"cameraMode":{"drawMode":0,"name":"Shaded","section":"Shading Mode"},"sceneLighting":true,"audioPlay":false,"sceneViewState":{"showFog":true,"showMaterialUpdate":false,"showSkybox":true,"showFlares":true,"showImageEffects":true,"showParticleSystems":true},"in2DMode":false,"pivot":{"x":-0.7225418090820313,"y":12.75146484375,"z":30.4892578125},"rotation":{"x":0.0011248369701206685,"y":-0.9718353152275086,"z":0.23565976321697236,"w":0.004662051796913147},"size":6.479139804840088,"orthographic":true}