{"cameraMode":{"drawMode":0,"name":"Shaded","section":"Shading Mode"},"sceneLighting":true,"audioPlay":false,"sceneViewState":{"showFog":true,"showMaterialUpdate":false,"showSkybox":true,"showFlares":true,"showImageEffects":true,"showParticleSystems":true},"in2DMode":false,"pivot":{"x":5.119904518127441,"y":12.626941680908204,"z":4.493563652038574},"rotation":{"x":-0.0902019739151001,"y":0.9095585346221924,"z":-0.27569833397865298,"w":-0.297586053609848},"size":2.2477779388427736,"orthographic":false}