{"cameraMode":{"drawMode":0,"name":"Shaded","section":"Shading Mode"},"sceneLighting":true,"audioPlay":false,"sceneViewState":{"showFog":true,"showMaterialUpdate":false,"showSkybox":true,"showFlares":true,"showImageEffects":true,"showParticleSystems":true},"in2DMode":false,"pivot":{"x":-1.3682849407196046,"y":11.848750114440918,"z":-4.237196922302246},"rotation":{"x":-0.13930492103099824,"y":-0.8600932359695435,"z":0.32906368374824526,"w":-0.364164799451828},"size":2.770137071609497,"orthographic":false}