{"cameraMode":{"drawMode":0,"name":"Shaded","section":"Shading Mode"},"sceneLighting":true,"audioPlay":false,"sceneViewState":{"showFog":true,"showMaterialUpdate":false,"showSkybox":true,"showFlares":true,"showImageEffects":true,"showParticleSystems":true},"in2DMode":false,"pivot":{"x":3.7801101207733156,"y":2.4248602390289308,"z":-9.523580551147461},"rotation":{"x":-0.013972235843539238,"y":-0.3192675709724426,"z":0.004618729930371046,"w":-0.9481232762336731},"size":6.826666831970215,"orthographic":false}