{"cameraMode":{"drawMode":0,"name":"Shaded","section":"Shading Mode"},"sceneLighting":true,"audioPlay":false,"sceneViewState":{"showFog":true,"showMaterialUpdate":false,"showSkybox":true,"showFlares":true,"showImageEffects":true,"showParticleSystems":true},"in2DMode":false,"pivot":{"x":-1.9599897861480713,"y":4.989929676055908,"z":14.104255676269532},"rotation":{"x":0.0012885151663795114,"y":-0.9966280460357666,"z":0.08180650323629379,"w":0.015509500168263913},"size":3.4675889015197756,"orthographic":false}