{"cameraMode":{"drawMode":0,"name":"Shaded","section":"Shading Mode"},"sceneLighting":true,"audioPlay":false,"sceneViewState":{"showFog":true,"showMaterialUpdate":false,"showSkybox":true,"showFlares":true,"showImageEffects":true,"showParticleSystems":true},"in2DMode":false,"pivot":{"x":-8.040867805480957,"y":-37.569252014160159,"z":144.3197479248047},"rotation":{"x":-0.09566293656826019,"y":0.6826177835464478,"z":-0.09084393084049225,"w":-0.7187802791595459},"size":93.34414672851563,"orthographic":false}