{"cameraMode":{"drawMode":0,"name":"Shaded","section":"Shading Mode"},"sceneLighting":true,"audioPlay":false,"sceneViewState":{"showFog":true,"showMaterialUpdate":false,"showSkybox":true,"showFlares":true,"showImageEffects":true,"showParticleSystems":true},"in2DMode":false,"pivot":{"x":-4.708405494689941,"y":2.7894039154052736,"z":-11.19321060180664},"rotation":{"x":0.015165646560490132,"y":-0.9660571217536926,"z":0.25120583176612856,"w":0.058320142328739169},"size":8.317729949951172,"orthographic":false}