{"cameraMode":{"drawMode":0,"name":"Shaded","section":"Shading Mode"},"sceneLighting":true,"audioPlay":false,"sceneViewState":{"showFog":true,"showMaterialUpdate":false,"showSkybox":true,"showFlares":true,"showImageEffects":true,"showParticleSystems":true},"in2DMode":false,"pivot":{"x":-0.6936002969741821,"y":0.9676589965820313,"z":12.164834976196289},"rotation":{"x":0.014127944596111775,"y":0.9031930565834045,"z":-0.42796725034713747,"w":0.029815783724188806},"size":5.0973663330078129,"orthographic":false}