{"cameraMode":{"drawMode":0,"name":"Shaded","section":"Shading Mode"},"sceneLighting":true,"audioPlay":false,"sceneViewState":{"showFog":true,"showMaterialUpdate":false,"showSkybox":true,"showFlares":true,"showImageEffects":true,"showParticleSystems":true},"in2DMode":false,"pivot":{"x":6.482837677001953,"y":5.70892333984375,"z":-6.938854694366455},"rotation":{"x":0.004232699982821941,"y":0.8648723363876343,"z":-0.5019931197166443,"w":0.0072687468491494659},"size":5.157007217407227,"orthographic":false}