{"cameraMode":{"drawMode":0,"name":"Shaded","section":"Shading Mode"},"sceneLighting":true,"audioPlay":false,"sceneViewState":{"showFog":true,"showMaterialUpdate":false,"showSkybox":true,"showFlares":true,"showImageEffects":true,"showParticleSystems":true},"in2DMode":false,"pivot":{"x":-5.97702693939209,"y":3.532273530960083,"z":-5.841708660125732},"rotation":{"x":0.09302309900522232,"y":-0.05672586336731911,"z":0.005308517720550299,"w":0.99403315782547},"size":5.3040876388549809,"orthographic":false}